{
  "IC_mean": 0.005472328975408104,
  "IC_std": 0.064422382113604,
  "ICIR": 0.08494453008207715,
  "RankIC_mean": -0.008464662352333313,
  "RankIC_std": 0.10774777063616697,
  "RankICIR": -0.07855997671558354,
  "DirectionAcc": 0.5022270319530672,
  "num_days": 223,
  "num_samples": 702280
}