{
  "IC_mean": 0.029894758651419488,
  "IC_std": 0.07992094209475235,
  "ICIR": 0.3740541323446485,
  "RankIC_mean": 0.03266896202016337,
  "RankIC_std": 0.10175854885636386,
  "RankICIR": 0.3210439062596782,
  "DirectionAcc": 0.5037130485087664,
  "num_days": 222,
  "num_samples": 698348
}