{
  "IC_mean": 0.021787012692616698,
  "IC_std": 0.08753577559593893,
  "ICIR": 0.24889266753269582,
  "RankIC_mean": -0.011312872160735751,
  "RankIC_std": 0.11562789624690079,
  "RankICIR": -0.0978386058030436,
  "DirectionAcc": 0.5032123939169562,
  "num_days": 223,
  "num_samples": 702280
}