{
  "IC_mean": 0.044417556178357305,
  "IC_std": 0.16963561901835209,
  "ICIR": 0.2618409767676916,
  "RankIC_mean": 0.031214079706278663,
  "RankIC_std": 0.20353095428925988,
  "RankICIR": 0.15336281311744332,
  "DirectionAcc": 0.5091909451296249,
  "num_days": 242,
  "num_samples": 762816,
  "valid_loss": 0.0004915409688938623,
  "best_epoch": 30,
  "best_valid_loss": 0.0004915409688938623
}