{
  "IC_mean": 0.03962985490530499,
  "IC_std": 0.14412657954409666,
  "ICIR": 0.2749656241802361,
  "RankIC_mean": 0.040657776890198415,
  "RankIC_std": 0.17655146327737842,
  "RankICIR": 0.23028852967545982,
  "DirectionAcc": 0.5243746502003815,
  "num_days": 233,
  "num_samples": 734349,
  "valid_loss": 0.0004969261346418703,
  "best_epoch": 44,
  "best_valid_loss": 0.0004969261346418703
}