index_code,index_name,total_return,annual_return,annual_vol,sharpe,max_drawdown,win_rate,num_days
000001.SH,上证指数,0.21648007958901716,0.2253412070138192,0.13246388983587978,1.6018292702904016,-0.09714474715470534,0.5720164609053497,243
000300.SH,沪深300,0.21190066933389806,0.22055792988677614,0.1495706796509277,1.4083240174120615,-0.10491515567427556,0.5555555555555556,243
399006.SZ,创业板指,0.554604006848628,0.5802172986628891,0.2909834687102116,1.7208950978988562,-0.20789096948786345,0.5390946502057613,243
