scope,num_samples,num_days,num_stocks,pearson,spearman,label_oc_1d_mean,label_oo_1d_mean,label_oc_1d_std,label_oo_1d_std,label_oc_1d_p01,label_oo_1d_p01,label_oc_1d_p50,label_oo_1d_p50,label_oc_1d_p99,label_oo_1d_p99
all,7462146,2482,3163,0.844675310099428,0.9170701187148176,0.001204799860715866,0.000371359521523118,0.026323020458221436,0.03238091617822647,-0.0672881692647934,-0.07954549789428711,0.0,0.0,0.08809530735015869,0.09994991421699517
