daily_pearson_mean,daily_pearson_std,daily_spearman_mean,daily_spearman_std,num_days
0.8382372934320642,0.09348822687237374,0.9076568058431,0.031116364041613522,2482
