{
  "IC_mean": 0.02255756647985851,
  "IC_std": 0.11573933089913531,
  "ICIR": 0.1948997484659473,
  "RankIC_mean": 0.02774979518995713,
  "RankIC_std": 0.1353045561119349,
  "RankICIR": 0.20509135824665248,
  "DirectionAcc": 0.48922684600814836,
  "num_days": 223,
  "num_samples": 702719,
  "valid_loss": 0.000502406427182974,
  "best_epoch": 26,
  "best_valid_loss": 0.000502406427182974
}