{
  "IC_mean": -0.02271606630071538,
  "IC_std": 0.12131788007926522,
  "ICIR": -0.1872441744438118,
  "RankIC_mean": 0.003387417848180615,
  "RankIC_std": 0.13065719412225324,
  "RankICIR": 0.02592599566320916,
  "DirectionAcc": 0.5034213239789158,
  "num_days": 242,
  "num_samples": 762278
}