{
  "IC_mean": 0.022047725629245264,
  "IC_std": 0.1144141383757901,
  "ICIR": 0.1927010589970106,
  "RankIC_mean": 0.008321083787785996,
  "RankIC_std": 0.14367956703740228,
  "RankICIR": 0.057914176381251715,
  "DirectionAcc": 0.4975886520785691,
  "num_days": 223,
  "num_samples": 702719,
  "valid_loss": 0.00040063434057691544,
  "best_epoch": 26,
  "best_valid_loss": 0.00040063434057691544
}