{
  "IC_mean": 0.018886763770575993,
  "IC_std": 0.14195955755602654,
  "ICIR": 0.13304327018011478,
  "RankIC_mean": -0.011950838102026842,
  "RankIC_std": 0.1949264612696024,
  "RankICIR": -0.061309470372509674,
  "DirectionAcc": 0.4946108730317601,
  "num_days": 233,
  "num_samples": 734349,
  "valid_loss": 0.00040403884085875807,
  "best_epoch": 47,
  "best_valid_loss": 0.00040403884085875807
}