{
  "IC_mean": 0.03580866070288148,
  "IC_std": 0.08437553527422435,
  "ICIR": 0.4243962492978764,
  "RankIC_mean": 0.04111613739849767,
  "RankIC_std": 0.11124389083394608,
  "RankICIR": 0.3696035538695045,
  "DirectionAcc": 0.5114540631782011,
  "num_days": 232,
  "num_samples": 729872
}