{
  "IC_mean": 0.026877728644948765,
  "IC_std": 0.16378159176731819,
  "ICIR": 0.16410714021593778,
  "RankIC_mean": -0.003503761404101686,
  "RankIC_std": 0.20144381703712402,
  "RankICIR": -0.017393243712493685,
  "DirectionAcc": 0.5059575733685868,
  "num_days": 223,
  "num_samples": 702719,
  "valid_loss": 0.0003956842157214543,
  "best_epoch": 20,
  "best_valid_loss": 0.0003956842157214543
}