{
  "IC_mean": 0.027401374551348723,
  "IC_std": 0.16084643035169283,
  "ICIR": 0.17035736815194008,
  "RankIC_mean": -0.00894018409248906,
  "RankIC_std": 0.2012342246563216,
  "RankICIR": -0.04442675746512591,
  "DirectionAcc": 0.4988799603458301,
  "num_days": 233,
  "num_samples": 734349,
  "valid_loss": 0.0004021774653508491,
  "best_epoch": 20,
  "best_valid_loss": 0.0004021774653508491
}