{
  "IC_mean": 0.00867996307292162,
  "IC_std": 0.06706021379983688,
  "ICIR": 0.12943536235702746,
  "RankIC_mean": 0.01622237567595232,
  "RankIC_std": 0.10020661484837987,
  "RankICIR": 0.16188926949082147,
  "DirectionAcc": 0.4913450577635531,
  "num_days": 232,
  "num_samples": 729872
}