{
  "IC_mean": 0.030364279886334604,
  "IC_std": 0.15999183055253377,
  "ICIR": 0.18978643960426722,
  "RankIC_mean": 0.00035064540510662795,
  "RankIC_std": 0.1999857952829158,
  "RankICIR": 0.0017533515548470685,
  "DirectionAcc": 0.5180249858051369,
  "num_days": 223,
  "num_samples": 702719,
  "valid_loss": 0.00039405239306516016,
  "best_epoch": 24,
  "best_valid_loss": 0.00039405239306516016
}