{
  "IC_mean": 0.023400181193737903,
  "IC_std": 0.08906760787837695,
  "ICIR": 0.26272380892603714,
  "RankIC_mean": -0.011220146055197855,
  "RankIC_std": 0.12174462480576054,
  "RankICIR": -0.09216132599775326,
  "DirectionAcc": 0.5038706556472328,
  "num_days": 233,
  "num_samples": 733855
}