{
  "IC_mean": 0.011858409365042667,
  "IC_std": 0.09149659861111659,
  "ICIR": 0.12960492023800654,
  "RankIC_mean": 0.020635371584672015,
  "RankIC_std": 0.09918121266610873,
  "RankICIR": 0.20805726235814961,
  "DirectionAcc": 0.4913123542990028,
  "num_days": 222,
  "num_samples": 698348
}