{
  "IC_mean": 0.03941097733871166,
  "IC_std": 0.14927714229517924,
  "ICIR": 0.2640121369739297,
  "RankIC_mean": 0.012476600586215705,
  "RankIC_std": 0.18530519002388854,
  "RankICIR": 0.06733001155880895,
  "DirectionAcc": 0.524058724121637,
  "num_days": 233,
  "num_samples": 734349,
  "valid_loss": 0.0003961337705529429,
  "best_epoch": 49,
  "best_valid_loss": 0.0003961337705529429
}