{
  "IC_mean": 0.022651723762646053,
  "IC_std": 0.12018617344814536,
  "ICIR": 0.1884719607319822,
  "RankIC_mean": -0.016604953175386624,
  "RankIC_std": 0.1562862898995244,
  "RankICIR": -0.10624702388201715,
  "DirectionAcc": 0.4996785949482997,
  "num_days": 242,
  "num_samples": 762278
}