{
  "IC_mean": 0.020059336950646166,
  "IC_std": 0.08985578774927748,
  "ICIR": 0.22323923091762624,
  "RankIC_mean": -0.014745969466442334,
  "RankIC_std": 0.11445317316045418,
  "RankICIR": -0.1288384503395958,
  "DirectionAcc": 0.498956256763684,
  "num_days": 223,
  "num_samples": 702280
}