{
  "IC_mean": 0.019846772696837024,
  "IC_std": 0.10130084386510599,
  "ICIR": 0.19591912504959327,
  "RankIC_mean": -0.029233055522639075,
  "RankIC_std": 0.1355615281103379,
  "RankICIR": -0.21564418703546445,
  "DirectionAcc": 0.49755060604615353,
  "num_days": 233,
  "num_samples": 733855
}