{
  "IC_mean": 0.04018803652475241,
  "IC_std": 0.11825340281207174,
  "ICIR": 0.3398467660894226,
  "RankIC_mean": 0.030961105794100628,
  "RankIC_std": 0.12603112869761166,
  "RankICIR": 0.24566237019416104,
  "DirectionAcc": 0.5049706561160567,
  "num_days": 241,
  "num_samples": 758250
}