{
  "IC_mean": 0.0034063424044571584,
  "IC_std": 0.1029966180402447,
  "ICIR": 0.033072371396953744,
  "RankIC_mean": 0.0041934920427213656,
  "RankIC_std": 0.1420310968378405,
  "RankICIR": 0.029525168333447094,
  "DirectionAcc": 0.4852706274537039,
  "num_days": 233,
  "num_samples": 734349,
  "valid_loss": 0.0005056578049695771,
  "best_epoch": 49,
  "best_valid_loss": 0.0005056578049695771
}