{
  "IC_mean": 0.04565065506826887,
  "IC_std": 0.11804293547275559,
  "ICIR": 0.3867292429270795,
  "RankIC_mean": 0.03678745615403463,
  "RankIC_std": 0.13284414403925465,
  "RankICIR": 0.2769219254645064,
  "DirectionAcc": 0.5083610512676306,
  "num_days": 243,
  "num_samples": 766351
}