{
  "total_return": 1.4386718115304746,
  "annual_return": 1.5205329059152448,
  "annual_vol": 0.27506948425955186,
  "sharpe": 3.503415865576178,
  "max_drawdown": -0.1411614136013155,
  "num_days": 243
}