{
  "IC_mean": 0.03483937935979045,
  "IC_std": 0.17001742664498007,
  "ICIR": 0.20491651971971026,
  "RankIC_mean": 0.010507537376232483,
  "RankIC_std": 0.1979258351944765,
  "RankICIR": 0.05308825584041651,
  "DirectionAcc": 0.5053184516318483,
  "num_days": 242,
  "num_samples": 762816,
  "valid_loss": 0.0003940244476116229,
  "best_epoch": 16,
  "best_valid_loss": 0.0003940244476116229
}