{
  "IC_mean": 0.017649105853361186,
  "IC_std": 0.11388655395928099,
  "ICIR": 0.15497093589881952,
  "RankIC_mean": -0.019746099432894758,
  "RankIC_std": 0.16232531549890772,
  "RankICIR": -0.12164522441989419,
  "DirectionAcc": 0.5003304467503799,
  "num_days": 233,
  "num_samples": 733855
}