{
  "IC_mean": 0.03548326509462414,
  "IC_std": 0.13861419641667733,
  "ICIR": 0.255985793749153,
  "RankIC_mean": 0.035003929790841964,
  "RankIC_std": 0.16529715485222185,
  "RankICIR": 0.21176365571528444,
  "DirectionAcc": 0.5183636702579552,
  "num_days": 223,
  "num_samples": 702719,
  "valid_loss": 0.0004958947554785701,
  "best_epoch": 23,
  "best_valid_loss": 0.0004958947554785701
}