{
  "feature_cols": [
    "close_rank",
    "vol_rank",
    "amount_rank",
    "amplitude",
    "body_ratio",
    "ret_1",
    "ret_5",
    "ret_10",
    "ret_20",
    "rel_ma5",
    "rel_ma10",
    "rel_ma20",
    "rsi_14",
    "macd_dif",
    "macd_dea",
    "macd_bar",
    "vol_std_10",
    "vol_std_20",
    "vol_chg",
    "amount_chg"
  ],
  "label_col": "label_oo_1d",
  "feature_bounds": {
    "close_rank": [
      0.010278305038809776,
      0.9901774525642395
    ],
    "vol_rank": [
      0.010443038307130337,
      0.9901774525642395
    ],
    "amount_rank": [
      0.010472865775227547,
      0.9901774525642395
    ],
    "amplitude": [
      0.008924477593973284,
      0.120111823454499
    ],
    "body_ratio": [
      0.0,
      1.0
    ],
    "ret_1": [
      -0.07443368434906006,
      0.09989142417907715
    ],
    "ret_5": [
      -0.15736043453216553,
      0.20794413089752117
    ],
    "ret_10": [
      -0.20642566680908203,
      0.2986111640930176
    ],
    "ret_20": [
      -0.26489091813564297,
      0.443378150463104
    ],
    "rel_ma5": [
      -0.08243077993392944,
      0.0972222089767456
    ],
    "rel_ma10": [
      -0.12084746658802031,
      0.15063213109969964
    ],
    "rel_ma20": [
      -0.16356552243232728,
      0.22399337887763948
    ],
    "rsi_14": [
      13.00303010940552,
      86.5329517364502
    ],
    "macd_dif": [
      -2.5857519745826716,
      3.085492992401112
    ],
    "macd_dea": [
      -2.4355315089225766,
      2.9151560425758163
    ],
    "macd_bar": [
      -0.8747858554124832,
      0.8310535550117473
    ],
    "vol_std_10": [
      0.006159227015450597,
      0.07299342416226862
    ],
    "vol_std_20": [
      0.007526778802275658,
      0.06807592697441575
    ],
    "vol_chg": [
      -0.5514007270336151,
      2.511777400970441
    ],
    "amount_chg": [
      -0.5554328471422195,
      2.642363810539235
    ]
  },
  "label_bounds": [
    -0.07603693008422852,
    0.09999990463256836
  ],
  "mean": {
    "close_rank": 0.5003650784492493,
    "vol_rank": 0.5005830526351929,
    "amount_rank": 0.5006613731384277,
    "amplitude": 0.03694920410828622,
    "body_ratio": 0.4559693932533264,
    "ret_1": 0.0006772138294763863,
    "ret_5": 0.002143670704263997,
    "ret_10": 0.004124485421925783,
    "ret_20": 0.008176903800668205,
    "rel_ma5": 0.00029839685885235667,
    "rel_ma10": 0.0006345684841526956,
    "rel_ma20": 0.0013874387706756348,
    "rsi_14": 49.38073787071192,
    "macd_dif": 0.00812333110841679,
    "macd_dea": 0.0085545096904077,
    "macd_bar": 0.0007782590020617939,
    "vol_std_10": 0.02475250444420024,
    "vol_std_20": 0.0256511420482304,
    "vol_chg": 0.08955505801512828,
    "amount_chg": 0.0941534970919346
  },
  "std": {
    "close_rank": 0.28845250606536865,
    "vol_rank": 0.2884163558483124,
    "amount_rank": 0.28837573528289795,
    "amplitude": 0.022623480572400025,
    "body_ratio": 0.26423534750938416,
    "ret_1": 0.026940923184156418,
    "ret_5": 0.05993957730984763,
    "ret_10": 0.08430444449186325,
    "ret_20": 0.11985228725121466,
    "rel_ma5": 0.028974680230021477,
    "rel_ma10": 0.04433659860370894,
    "rel_ma20": 0.06473889274827671,
    "rsi_14": 16.52558754124332,
    "macd_dif": 0.6551026656737502,
    "macd_dea": 0.617719379449463,
    "macd_bar": 0.19934581070428373,
    "vol_std_10": 0.013469134687265892,
    "vol_std_20": 0.012288905751750052,
    "vol_chg": 0.514537927779672,
    "amount_chg": 0.5333119113350386
  },
  "seq_len": 20
}